캠페인,브랜드,구분
다우오피스_HR_PC,HR,SA
다우오피스_HR_브랜드_PC,HR,SA
다우오피스_HR_MO,HR,SA
다우오피스_HR_브랜드_MO,HR,SA
다우오피스HR_파워컨텐츠,HR,PCA
다우오피스_브랜드_PC,DO,SA
다우오피스_브랜드_MO,DO,SA
1. 다우오피스_엔터프라이즈연동_PC,DO,SA
다우오피스_파워컨텐츠,DO,PCA
4. 다우오피스_브랜드검색PC,,BSA
1. 다우오피스_PC,DO,SA
다우오피스 4.0_SA,DO,SA
2.다우오피스_SA_wb_회계&경영지원(New),DO,SA
다우오피스_엔터프라이즈연동_SA,DO,SA
다우오피스 4.0_SA_경쟁사(test),DO,SA
다우오피스_SA_브랜드,DO,SA
다우오피스 HR,HR,SA
다우오피스HR_트래픽 캠페인,HR,DA
다우오피스HR_잠재고객_(0721-1231),HR,DA
다우오피스4.0 잠재고객 0812-1231,DO,DA
new. 다우오피스_브랜드검색PC,DO,BSA
다우오피스_0101_0201_PC 기업 메인빅배너,HR,DA
다우오피스_0101_0201_PC 기업 후보자배너,HR,DA
다우오피스_0203_1231_PC 기업 메인배너,HR,DA
다우오피스_0203_1231_PC 기업 지원자 관리,HR,DA
