캠페인,광고세트,광고이름,ga캠페인,ga컨텐츠
다우오피스HR_(0721-1231),잠재고객,2026프로모션,img-251230,2026promo
다우오피스HR_잠재고객_(0721-1231),잠재고객,2026프로모션,img-251230,2026promo
다우오피스HR_잠재고객_(0721-1231),다운로드 소재,260316_밝은배경,download,260316_report2
다우오피스HR_잠재고객_다운로드,다운로드_관심사_비즈니스,260316_밝은배경,download,260316_report2
다우오피스HR_잠재고객_(0721-1231),다운로드 소재,260316_어두운배경,download,260316_report1
다우오피스HR_잠재고객_(0721-1231),관심사_비즈니스,260316_엑셀,interest_business,260316_excel
다우오피스HR_잠재고객_(0721-1231),관심사_비즈니스,260316_인사관리,interest_business,260316_manage
다우오피스HR_잠재고객_(0721-1231),관심사_비즈니스,260316_인사관리시간,interest_business,260316_managetime
다우오피스HR_잠재고객_(0721-1231),관심사_비즈니스,260401_연동,interest_business,260401_integration3
다우오피스HR_잠재고객_(0721-1231),관심사_비즈니스,260401_연동_밝은배경,interest_business,260401_integration1
다우오피스HR_잠재고객_(0721-1231),관심사_비즈니스,260401_연동_어두운배경,interest_business,260401_integration2
다우오피스HR_잠재고객_(0721-1231),관심사_비즈니스,260424_attend_dashboard,interest_business,260424_attend_dashboard
다우오피스HR_잠재고객_(0721-1231),리드제출_유사3%,260424_attend_dashboard_T,interest_business_T,260424_attend_dashboard_T
다우오피스HR_잠재고객_(0721-1231),관심사_비즈니스,260424_attend_record,interest_business,260424_attend_record
다우오피스HR_잠재고객_(0721-1231),리드제출_유사3%,260424_attend_record_T,lead_LAL,260424_attend_record_T
다우오피스HR_잠재고객_(0721-1231),관심사_비즈니스,260424_attend_work,interest_business,260424_attend_work
다우오피스HR_잠재고객_(0721-1231),리드제출_유사3%,260424_attend_work_T,interest_business_T,260424_attend_work_T
다우오피스HR_잠재고객_(0721-1231),관심사_비즈니스,260424_leave_excel,interest_business,260424_leave_excel
다우오피스HR_잠재고객_(0721-1231),리드제출_유사3%,260424_leave_excel_T,lead_LAL,260424_leave_excel_T
다우오피스HR_잠재고객_(0721-1231),관심사_비즈니스,260424_leave_vaca,interest_business,260424_leave_vaca
다우오피스HR_잠재고객_(0721-1231),리드제출_유사3%,260424_leave_vaca_T,lead_LAL,260424_leave_vaca_T
다우오피스HR_잠재고객_(0721-1231),관심사_비즈니스,260430_leave_promo,interest_business,260430_leave_promo
다우오피스HR_잠재고객_(0721-1231),리드제출_유사3%,260430_leave_promo_T,lead_LAL,260430_leave_promo_T
다우오피스HR_잠재고객_(0721-1231),관심사_비즈니스,260511_consult_change,interest_business,260511_consult_change
다우오피스HR_잠재고객_(0721-1231),관심사_비즈니스 _증대기여,260511_consult_change,interest_business,260511_consult_change
다우오피스HR_잠재고객_(0721-1231),리드제출_유사3%,260511_consult_change_T,lead_LAL,260511_consult_change_T
다우오피스HR_잠재고객_(0721-1231),관심사_비즈니스,260511_consult_help,interest_business,260511_consult_help
다우오피스HR_잠재고객_(0721-1231),관심사_비즈니스 _증대기여,260511_consult_help,interest_business,260511_consult_help
다우오피스HR_잠재고객_(0721-1231),리드제출_유사3%,260511_consult_help_T,lead_LAL,260511_consult_help_T
다우오피스HR_잠재고객_(0721-1231),관심사_비즈니스,260511_consult_promo,interest_business,260511_consult_promo
다우오피스HR_잠재고객_(0721-1231),관심사_비즈니스 _증대기여,260511_consult_promo,interest_business,260511_consult_promo
다우오피스HR_잠재고객_(0721-1231),리드제출_유사3%,260511_consult_promo_T,lead_LAL,260511_consult_promo_T
다우오피스HR_잠재고객_(0721-1231),다운로드 소재,260513_report_compare,download,260513_report_compare
다우오피스HR_잠재고객_(0721-1231),다운로드 소재,260513_report_hr,download,260513_report_hr
다우오피스HR_잠재고객_(0721-1231),관심사_비즈니스,260522_52hour,interest_business,260522_52hour
다우오피스HR_잠재고객_(0721-1231),리드제출_유사3%,260522_52hour_T,lead_LAL,260522_52hour_T
다우오피스HR_잠재고객_(0721-1231),관심사_비즈니스,260522_excel,interest_business,260522_excel
다우오피스HR_잠재고객_(0721-1231),리드제출_유사3%,260522_excel_T,lead_LAL,260522_excel_T
다우오피스HR_잠재고객_(0721-1231),다운로드 소재,260522_major,download,260522_major
다우오피스HR_잠재고객_(0721-1231),관심사_비즈니스,260522_manufacture,interest_business,260522_manufacture
다우오피스HR_잠재고객_(0721-1231),리드제출_유사3%,260522_manufacture_T,lead_LAL,260522_manufacture_T
다우오피스HR_잠재고객_(0721-1231),관심사_비즈니스,260522_startup,interest_business,260522_startup
다우오피스HR_잠재고객_(0721-1231),관심사_비즈니스 _증대기여,260522_startup,interest_business,260522_startup
다우오피스HR_잠재고객_(0721-1231),리드제출_유사3%,260522_startup_T,lead_LAL,260522_startup_T
다우오피스HR_잠재고객_(0721-1231),관심사_비즈니스,260612_connect_alert,interest_business,260612_connect_alert
다우오피스HR_잠재고객_(0721-1231),관심사_비즈니스 _증대기여,260612_connect_alert,interest_business,260612_connect_alert
다우오피스HR_잠재고객_(0721-1231),리드제출_유사3%,260612_connect_alert,lead_LAL,260612_connect_alert
다우오피스HR_잠재고객_(0721-1231),관심사_비즈니스,260612_connect_slack,interest_business,260612_connect_slack
다우오피스HR_잠재고객_(0721-1231),관심사_비즈니스 _증대기여,260612_connect_slack,interest_business,260612_connect_slack
다우오피스HR_잠재고객_(0721-1231),리드제출_유사3%,260612_connect_slack,lead_LAL,260612_connect_slack
다우오피스HR_트래픽 캠페인,트래픽_리드제출_유사3%,260625_webinar_complex,lead_LAL,260625_webinar_complex
다우오피스HR_트래픽 캠페인,트래픽_리드제출_유사3%,260625_webinar_excel,lead_LAL,260625_webinar_excel
다우오피스HR_잠재고객_(0721-1231),다운로드 소재,260716_ai,HR_cv_dwreport,img_report_ai_260716
다우오피스HR_잠재고객_(0721-1231),다운로드 소재,260716_iws,HR_cv_dwreport,img_report_iws_260716
다우오피스HR_잠재고객_(0721-1231),잠재고객,A연차계산,img-260102,calculation
다우오피스HR_잠재고객_(0721-1231),잠재고객,A인사관리,img-260102,manage
다우오피스HR_잠재고객_(0721-1231),잠재고객,A한번에,img-260102,once
다우오피스HR_잠재고객_(0721-1231),관심사_비즈니스,B솔루션,interest_business,solution
다우오피스HR_잠재고객_(0721-1231),관심사_비즈니스,B올인원,interest_business,allinone
다우오피스HR_잠재고객_(0721-1231),잠재고객,B올인원,latent,allinone1
다우오피스HR_잠재고객_(0721-1231),관심사_비즈니스,B인사관리,interest_business,manage2
다우오피스HR_잠재고객_(0721-1231),관심사_비즈니스,B인프라,interest_business,infra
다우오피스HR_잠재고객_(0721-1231),관심사_비즈니스,B한번에,interest_business,once2
다우오피스HR_잠재고객_(0721-1231),잠재고객,B한번에,latent,once2
다우오피스HR_잠재고객_(0721-1231),리드제출_유사3%,cv_annual30_2607_com_image_a_260707,annual30_2607,cv_annual30_2607_com_image_a_260707
다우오피스HR_잠재고객_(0721-1231),리드제출_유사3%,cv_annual30_2607_com_image_b_260707,annual30_2607,cv_annual30_2607_com_image_b_260707
다우오피스HR_잠재고객_(0721-1231),리드제출_유사3%,cv_annual30_2607_com_image_c_260707,annual30_2607,cv_annual30_2607_com_image_c_260707
다우오피스HR_잠재고객_(0721-1231),리드제출_유사3%,cv_annual30_2607_com_image_d_260707,annual30_2607,cv_annual30_2607_com_image_d_260707
다우오피스HR_트래픽 캠페인,lal_2565mf,tf_webinar_2607_audit_image_a_260707,webinar_2607,tf_webinar_2607_audit_image_a_260707
다우오피스HR_트래픽 캠페인,lal_2565mf,tf_webinar_2607_ovt_image_a_260707,webinar_2607,tf_webinar_2607_ovt_image_a_260707
다우오피스HR_트래픽 캠페인,lal_2565mf,tf_webinar_2607_vaca_image_a_260707,webinar_2607,tf_webinar_2607_vaca_image_a_260707
다우오피스4.0 잠재고객 0812-1231,영상소재_관심사타겟(2025. 8. 12. ~ 2026. 2. 6.),경력직온보딩,video4,onboard
다우오피스4.0 잠재고객 0812-1231,관심사_비즈니스,관심사_다우소개서,customized-image,dw
다우오피스4.0 잠재고객 0812-1231,이미지 소재_관심사타겟,관심사_다우소개서,customized-image,dw
다우오피스4.0 잠재고객 0812-1231,관심사_비즈니스,관심사_메신저,customized-image,messenger
다우오피스4.0 잠재고객 0812-1231,이미지 소재_관심사타겟,관심사_메신저,customized-image,messenger
다우오피스4.0 잠재고객 0812-1231,관심사_비즈니스,관심사_사례,customized-image,customer
다우오피스4.0 잠재고객 0812-1231,이미지 소재_관심사타겟,관심사_사례,customized-image,customer
다우오피스4.0 잠재고객 0812-1231,이미지 소재_리타겟팅,리타겟팅 _HR무료지원,retarget,hr-blue
다우오피스4.0 잠재고객 0812-1231,이미지 소재_리타겟팅,리타겟팅 _HR전액지원,retarget,hr-navy
다우오피스4.0 잠재고객 0812-1231,이미지 소재_리타겟팅,리타겟팅 _서비스형_비교자료,retarget,sv_compare
다우오피스4.0 잠재고객 0812-1231,이미지 소재_리타겟팅,리타겟팅 _엔터프라이즈형_비교자료,retarget,en-compare
다우오피스4.0 잠재고객 0812-1231,이미지 소재_리타겟팅,리타겟팅 _일생활_컴포넌트,sim-image,balance3
다우오피스4.0 잠재고객 0812-1231,이미지 소재_리타겟팅,리타겟팅 _일생활_화면,sim-image,balance2
다우오피스4.0 잠재고객 0812-1231,이미지 소재_리타겟팅,리타겟팅 _일생활균형,sim-image,balance
다우오피스4.0 잠재고객 0812-1231,이미지소재_리타겟팅_works,리타겟팅_CS문의_blue,retarget,cs
다우오피스4.0 잠재고객 0812-1231,이미지소재_리타겟팅_works,리타겟팅_CS문의_white,retarget,cs2
다우오피스4.0 잠재고객 0812-1231,이미지 소재_리타겟팅,리타겟팅_DO커넥트_알림후기,retarget,global-alert
다우오피스4.0 잠재고객 0812-1231,이미지 소재_리타겟팅,리타겟팅_DO커넥트_연동종합,retarget,global-gowork
다우오피스4.0 잠재고객 0812-1231,이미지 소재_리타겟팅,리타겟팅_DO커넥트_전자결재,retarget,global-approval
다우오피스4.0 잠재고객 0812-1231,이미지 소재_리타겟팅,리타겟팅_ERP(블랙),retarget,erp_black
다우오피스4.0 잠재고객 0812-1231,이미지 소재_리타겟팅,리타겟팅_ERP(화이트),retarget,erp_white
다우오피스4.0 잠재고객 0812-1231,이미지소재_리타겟팅_works,리타겟팅_생산관리_blue,retarget,production
다우오피스4.0 잠재고객 0812-1231,이미지소재_리타겟팅_works,리타겟팅_생산관리_white,retarget,production2
다우오피스4.0 잠재고객 0812-1231,이미지소재_리타겟팅_works,리타겟팅_입퇴사_blue,retarget,cowork
다우오피스4.0 잠재고객 0812-1231,이미지소재_리타겟팅_works,리타겟팅_입퇴사_white,retarget,hire2
다우오피스4.0 잠재고객 0812-1231,이미지 소재_리타겟팅,리타겟팅_체크리스트_내부보고,retarget,system
다우오피스4.0 잠재고객 0812-1231,이미지 소재_리타겟팅,리타겟팅_체크리스트_자료하나,retarget,onereport
다우오피스4.0 잠재고객 0812-1231,이미지 소재_리타겟팅,리타겟팅_체크리스트_총정리zip,retarget,zip
다우오피스4.0 잠재고객 0812-1231,이미지소재_리타겟팅_works,리타겟팅_협업_blue,retarget,cowork
다우오피스4.0 잠재고객 0812-1231,이미지소재_리타겟팅_works,리타겟팅_협업_white,retarget,cowork2
다우오피스HR_잠재고객_(0721-1231),다운로드 소재,밝은 배경,img-250801,rreport-2
다우오피스4.0 잠재고객 0812-1231,관심사_비즈니스,비즈니스 _HR무료지원,business,hr-blue
다우오피스4.0 잠재고객 0812-1231,관심사_비즈니스,비즈니스 _HR전액지원,business,hr-navy
다우오피스4.0 잠재고객 0812-1231,관심사_비즈니스,비즈니스 _서비스형_비교자료,business,sv_compare
다우오피스4.0 잠재고객 0812-1231,관심사_비즈니스,비즈니스 _엔터프라이즈형_비교자료,business,en-compare
다우오피스4.0 잠재고객 0812-1231,관심사_비즈니스,비즈니스 _체크리스트_자료하나,business,onereport
다우오피스4.0 잠재고객 0812-1231,이미지소재_관심사_works,비즈니스_CS문의_blue,business,cs
다우오피스4.0 잠재고객 0812-1231,이미지소재_관심사_works,비즈니스_CS문의_white,business,cs2
다우오피스4.0 잠재고객 0812-1231,관심사_비즈니스,비즈니스_DO커넥트_알림후기,business,global-alert
다우오피스4.0 잠재고객 0812-1231,관심사_비즈니스,비즈니스_DO커넥트_연동종합,business,global-gowork
다우오피스4.0 잠재고객 0812-1231,관심사_비즈니스,비즈니스_DO커넥트_전자결재,business,global-approval
다우오피스4.0 잠재고객 0812-1231,리타겟팅_엔터프라이즈,비즈니스_enterprise_blue,winback,enterprise_blue
다우오피스4.0 잠재고객 0812-1231,리타겟팅_엔터프라이즈,비즈니스_enterprise_navy,winback,enterprise_navy
다우오피스4.0 잠재고객 0812-1231,리타겟팅_엔터프라이즈,비즈니스_enterprise_sky,winback,enterprise_sky
다우오피스4.0 잠재고객 0812-1231,관심사_비즈니스,비즈니스_ERP(블랙),business,erp_black
다우오피스4.0 잠재고객 0812-1231,관심사_비즈니스,비즈니스_ERP(화이트),business,erp_white
다우오피스4.0 잠재고객 0812-1231,이미지소재_관심사_works,비즈니스_생산관리_blue,business,production
다우오피스4.0 잠재고객 0812-1231,이미지소재_관심사_works,비즈니스_생산관리_white,business,production2
다우오피스4.0 잠재고객 0812-1231,관심사_비즈니스,비즈니스_일생활_컴포넌트,business-image,balance3
다우오피스4.0 잠재고객 0812-1231,관심사_비즈니스,비즈니스_일생활_화면,business-image,balance2
다우오피스4.0 잠재고객 0812-1231,관심사_비즈니스,비즈니스_일생활균형,business-image,balance
다우오피스4.0 잠재고객 0812-1231,이미지소재_관심사_works,비즈니스_입퇴사_blue,business,hire
다우오피스4.0 잠재고객 0812-1231,이미지소재_관심사_works,비즈니스_입퇴사_white,business,hire2
다우오피스4.0 잠재고객 0812-1231,관심사_비즈니스,비즈니스_체크리스트_내부보고,business,system
다우오피스4.0 잠재고객 0812-1231,관심사_비즈니스,비즈니스_체크리스트_총정리zip,business,zip
다우오피스4.0 잠재고객 0812-1231,이미지소재_관심사_works,비즈니스_협업_blue,business,cowork
다우오피스4.0 잠재고객 0812-1231,이미지소재_관심사_works,비즈니스_협업_white,business,cowork2
다우오피스4.0 잠재고객 0812-1231,이미지 소재_유사타겟1%,새해프로모션_반복,sim-image,repeat
다우오피스4.0 잠재고객 0812-1231,이미지 소재_유사타겟1%,새해프로모션_새해,sim-image,new
다우오피스4.0 잠재고객 0812-1231,이미지 소재_유사타겟1%,새해프로모션_올인원,sim-image,all
다우오피스4.0 잠재고객 0812-1231,이미지 소재_유사타겟1%,새해프로모션_올인원할인,sim-image,sale
다우오피스HR_잠재고객_(0721-1231),다운로드 소재,어두운 배경,img-250801,rreport-1
다우오피스4.0 잠재고객 0812-1231,영상소재_관심사타겟(2026. 2. 9. ~ ),영상-가맹점관리,video,manage
다우오피스4.0 잠재고객 0812-1231,영상소재_관심사타겟(2026. 2. 9. ~ ),영상-다우오피스사용후기,video,price
다우오피스4.0 잠재고객 0812-1231,영상소재_관심사타겟(2026. 2. 9. ~ ),"영상-메신저,게시판,전자결재",video,smart
다우오피스4.0 잠재고객 0812-1231,영상소재_관심사타겟(2026. 2. 9. ~ ),영상-웍스강조안,video,works
다우오피스4.0 잠재고객 0812-1231,이미지 소재_유사타겟1%,유사타겟1% _HR무료지원,sim-image,hr-blue
다우오피스4.0 잠재고객 0812-1231,이미지 소재_유사타겟1%,유사타겟1% _HR전액지원,sim-image,hr-navy
다우오피스4.0 잠재고객 0812-1231,이미지 소재_유사타겟1%,유사타겟1% _서비스형_비교자료,sim-image,sv_compare
다우오피스4.0 잠재고객 0812-1231,이미지 소재_유사타겟1%,유사타겟1% _엔터프라이즈형_비교자료,sim-image,en-compare
다우오피스4.0 잠재고객 0812-1231,이미지소재_유사타겟1%_works,유사타겟1%_CS문의_blue,sim-image,cs
다우오피스4.0 잠재고객 0812-1231,이미지소재_유사타겟1%_works,유사타겟1%_CS문의_white,sim-image,cs2
다우오피스4.0 잠재고객 0812-1231,이미지 소재_유사타겟1%,유사타겟1%_DO커넥트_알림후기,sim-image,global-alert
다우오피스4.0 잠재고객 0812-1231,이미지 소재_유사타겟1%,유사타겟1%_DO커넥트_연동종합,sim-image,global-gowork
다우오피스4.0 잠재고객 0812-1231,이미지 소재_유사타겟1%,유사타겟1%_DO커넥트_전자결재,sim-image,global-approval
다우오피스4.0 잠재고객 0812-1231,이미지 소재_유사타겟1%,유사타겟1%_ERP(블랙),sim-image,erp_black
다우오피스4.0 잠재고객 0812-1231,이미지 소재_유사타겟1%,유사타겟1%_ERP(화이트),sim-image,erp_white
다우오피스4.0 잠재고객 0812-1231,이미지 소재_유사타겟1%,유사타겟1%_메신저,sim-image,messenger
다우오피스4.0 잠재고객 0812-1231,이미지 소재_유사타겟1%,유사타겟1%_비교자료,sim-image,compare
다우오피스4.0 잠재고객 0812-1231,이미지소재_유사타겟1%_works,유사타겟1%_생산관리_blue,sim-image,production
다우오피스4.0 잠재고객 0812-1231,이미지소재_유사타겟1%_works,유사타겟1%_생산관리_white,sim-image,production2
다우오피스4.0 잠재고객 0812-1231,이미지 소재_유사타겟1%,유사타겟1%_일생활_컴포넌트,sim-image,balance3
다우오피스4.0 잠재고객 0812-1231,이미지 소재_유사타겟1%,유사타겟1%_일생활_화면,sim-image,balance2
다우오피스4.0 잠재고객 0812-1231,이미지 소재_유사타겟1%,유사타겟1%_일생활균형,sim-image,balance
다우오피스4.0 잠재고객 0812-1231,이미지소재_유사타겟1%_works,유사타겟1%_입퇴사_blue,sim-image,hire
다우오피스4.0 잠재고객 0812-1231,이미지소재_유사타겟1%_works,유사타겟1%_입퇴사_white,sim-image,hire2
다우오피스4.0 잠재고객 0812-1231,이미지 소재_유사타겟1%,유사타겟1%_체크리스트_내부보고,sim-image,system
다우오피스4.0 잠재고객 0812-1231,이미지 소재_유사타겟1%,유사타겟1%_체크리스트_자료하나,sim-image,onereport
다우오피스4.0 잠재고객 0812-1231,이미지 소재_유사타겟1%,유사타겟1%_체크리스트_총정리zip,sim-image,zip
다우오피스4.0 잠재고객 0812-1231,이미지소재_유사타겟1%_works,유사타겟1%_협업_blue,sim-image,cowork
다우오피스4.0 잠재고객 0812-1231,이미지소재_유사타겟1%_works,유사타겟1%_협업_white,sim-image,cowork2
다우오피스HR_잠재고객_(0721-1231),관심사_비즈니스,자동화프로모션,interest_business,automatic_promotion
다우오피스4.0 잠재고객 0812-1231,영상소재_관심사타겟(2025. 8. 12. ~ 2026. 2. 6.),중소기업 (디버),video5,26dver
다우오피스HR_잠재고객_(0721-1231),다운로드 소재,중소기업 가이드,img-250910,52hguide
다우오피스4.0 잠재고객 0812-1231,영상소재_관심사타겟(2025. 8. 12. ~ 2026. 2. 6.),통합플랫폼,video,allinone
다우오피스4.0 잠재고객 0812-1231,영상소재_관심사타겟(2025. 8. 12. ~ 2026. 2. 6.),트웬티온스 경리관리,video,expense
